<?xml version="1.0" encoding="utf-8"?>
<!--
    Copyright (C) 2015 The CyanogenMod Project

    Licensed under the Apache License, Version 2.0 (the "License");
    you may not use this file except in compliance with the License.
    You may obtain a copy of the License at

        http://www.apache.org/licenses/LICENSE-2.0

    Unless required by applicable law or agreed to in writing, software
    distributed under the License is distributed on an "AS IS" BASIS,
    WITHOUT WARRANTIES OR CONDITIONS OF ANY KIND, either express or implied.
    See the License for the specific language governing permissions and
    limitations under the License.
-->
<selector xmlns:android="http://schemas.android.com/apk/res/android">
    <ripple android:color="?android:colorControlHighlight">
        <item android:state_pressed="true">
            <shape android:shape="rectangle">
                <solid android:color="@color/notification_ripple_untinted_color"/>
            </shape>
        </item>
    </ripple>
    <ripple android:color="?android:colorControlHighlight">
        <item android:state_selected="true">
            <shape android:shape="rectangle">
                <solid android:color="@color/notification_ripple_untinted_color"/>
            </shape>
        </item>
    </ripple>
    <ripple android:color="?android:colorControlHighlight">
        <item android:state_focused="true">
            <shape android:shape="rectangle">
                <solid android:color="@color/notification_ripple_untinted_color"/>
            </shape>
        </item>
    </ripple>
    <item>
        <shape android:shape="rectangle">
            <solid android:color="@color/notification_guts_bg_color"/>
        </shape>
    </item>
</selector>
